role,website
teacher,linkedin
teacher,linkedin
student,facebook
student,facebook
teacher,linkedin
student,facebook
student,facebook
teacher,linkedin
teacher,linkedin
teacher,facebook
teacher,facebook
teacher,facebook
teacher,facebook
student,facebook
student,linkedin
student,facebook
teacher,linkedin
student,linkedin
student,facebook
student,facebook
student,linkedin
teacher,facebook
teacher,linkedin
teacher,linkedin
teacher,linkedin
teacher,linkedin
teacher,linkedin
teacher,facebook
teacher,linkedin
teacher,linkedin
teacher,linkedin
teacher,linkedin
student,facebook
student,facebook
